location	WNV_17_Yuma_AZ_08272018_2018.6534	32.73	-114.69
location	WNV_20_Yuma_AZ_08132018_2018.6151	32.73	-114.64
location	WNV_49808_9108_Ce_NV_07162018_2018.5384	36.1	-115.02
location	WNV_52751_9764_Cq_NV_08162018_2018.6233	36.14	-115.28
location	WNV_77366_11357_Cs_NV_05302019_2019.4096	35.97	-114.82
location	WNV_78319_11627_Cq_NV_06052019_2019.426	36.17	-115.09
location	WNV_78325_11622_Cq_NV_06052019_2019.426	36.17	-115.11
location	WNV_80719_12016_Cq_NV_060242019_2019.4781	36.23	-115.19
location	WNV_81857_12174_Cq_NV_07012019_2019.4973	36.1	-115.26
location	WNV_82669_12413_Cq_NV_070102019_2019.4973	36.24	-115.25
location	WNV_83189_12364_Cq_NV_07092019_2019.5192	36.17	-115.21
location	WNV_83204_12442_Cq_NV_07092019_2019.5192	36.2	-115.26
location	WNV_83216_12406_Cq_NV_070112019_2019.5247	36.01	-115.07
location	WNV_83237_12454_Ct_NV_070152019_2019.5356	36.62	-114.48
location	WNV_83240_12450_Ct_NV_070152019_2019.5356	36.54	-114.44
location	WNV_83253_12482_Cq_NV_070162019_2019.5384	36.04	-115.1
location	WNV_83688_12544_Cq_NV_070172019_2019.5411	36.23	-115.24
location	WNV_83689_12551_Cq_NV_070172019_2019.5411	36.18	-115.19
location	WNV_84352_12613_Cq_NV_070232019_2019.5575	36.1	-115.03
location	WNV_84777_12761_Cq_NV_070252019_2019.563	36.17	-115.08
location	WNV_84784_12766_Cq_NV_070252019_2019.563	36.2	-115.2
location	WNV_85426_12853_Ct_NV_070292019_2019.574	36.8	-114.07
location	WNV_85457_12823_Cq_NV_070292019_2019.574	36.04	-115.08
location	WNV_85850_12920_Cq_NV_08012019_2019.5822	36.17	-115.19
location	WNV_86652_12981_Cq_NV_08012019_2019.5822	36.05	-115.1
location	WNV_86926_13029_Cq_NV_08062019_2019.5959	36.27	-115.28
location	WNV_86935_13064_Cq_NV_08082019_2019.6014	36.2	-115.31
location	WNV_86945_13052_Cq_NV_08082019_2019.6014	36.17	-115.21
location	WNV_87659_13217_Cq_NV_080132019_2019.6151	36.26	-115.21
location	WNV_88273_13287_Cq_NV_080192019_2019.6315	36.31	-115.23
location	WNV_CoconinoCrow1_CoconinoCounty_AZ_09202019_2019.7192	35.21	-111.65
location	WNV_CoconinoCrow2_CoconinoCounty_AZ_09162019_2019.7082	35.22	-111.64
location	WNV_Raven_McPhearsonPark_CoconinoCounty_AZ_09162020_2019.7082	35.21	-111.66
location	WNVSLE_82382_12345_Cq_NV_07082019_2019.5164	36.29	-115.3
location	WNVSLE_82695_12417_Ct_NV_070112019_2019.5247	36.21	-115.17
location	WNVSLE_82700_12419_Cs_NV_070112019_2019.5247	36.2	-115.14
location	WNVSLE_83681_12573_Cq_NV_070172019_2019.5411	36.15	-115.31
location	WNVSLE_84408_12666_Cq_NV_070232019_2019.5575	36.19	-115.29
location	WNVSLE_84788_12769_Cq_NV_070252019_2019.563	36.18	-115.2
location	WNVSLE_84800_12778_Cq_NV_070252019_2019.563	36.1	-115.27
location	AF196835_Pc_NY_1999.71	40.77	-73.96
location	AF202541_Hs_NY_1999.66	42.76	-75.82
location	AF260967_Ec_NY_1999.5	40.77	-73.96
location	AF404753_Cb_MD_2000.5	39.43	-76.78
location	AF404754_Cp_NJ_2000.5	40.95	-74.07
location	AF404755_Bu_NY_2000.5	43.46	-76.24
location	AF404756_Cb_NY_2000.5	41.16	-73.99
location	AF533540_Hs_NY_2001.71	40.67	-73.56
location	AY289214_Hs_TX_2002.62	30.07	-94.11
location	AY646354_Hs_NY_2002.5	42.76	-75.82
location	AY712945_Zm_TX_2003.5	29.74	-95.31
location	AY712946_Cc_TX_2003.5	29.74	-95.31
location	AY712947_Cc_TX_2003.5	29.74	-95.31
location	AY712948_Cq_TX_2003.5	29.74	-95.31
location	AY795965_Hs_MI_2002.5	43.74	-84.63
location	DQ005530_Hs_UT_2003.5	39.5	-111.55
location	DQ080051_Ct_AZ_2003.5	31.75	-110.02
location	DQ080052_Ct_AZ_2003.5	33.38	-112.57
location	DQ080053_Ct_AZ_2003.5	35.61	-109.46
location	DQ080054_Cq_CA_2003.5	34.48	-118.08
location	DQ080055_Ct_CA_2003.5	32.94	-114.9
location	DQ080056_Ct_CA_2003.5	32.94	-114.9
location	DQ080057_Cb_CA_2003.5	34.13	-118.05
location	DQ080058_Cb_CA_2003.5	34.13	-118.05
location	DQ080059_Pn_CA_2003.5	38.58	-121.49
location	DQ080060_Cc_BCNM_2004.5	30.3	-114.94
location	DQ080061_Ccs_LA_2004.5	29.94	-91.87
location	DQ080062_Cx_LA_2002.5	29.94	-91.87
location	DQ080063_Cl_BCNM_2003.5	30.3	-114.94
location	DQ080064_Fa_BCNM_2003.5	30.3	-114.94
location	DQ080065_Qq_BCNM_2003.5	30.3	-114.94
location	DQ080066_Px_BCNM_2003.5	30.3	-114.94
location	DQ080067_Bvs_BCNM_2003.5	30.3	-114.94
location	DQ080068_Ah_BCNM_2003.5	30.3	-114.94
location	DQ080069_Ec_TAMM_2003.5	24.93	-98.64
location	DQ080070_Qq_SONM_2003.5	29.35	-111.68
location	DQ080071_Ec_FL_2002.5	28.7	-82
location	DQ080072_Dc_FL_2001.5	26.69	-80.04
location	DQ164186_Cb_NY_2002.5	40.74	-73.79
location	DQ164187_Cb_NY_2002.5	42.19	-75.88
location	DQ164188_Cb_NY_2003.5	41.13	-73.79
location	DQ164189_Cb_NY_2003.5	42.55	-73.94
location	DQ164190_Cb_NY_2003.5	40.95	-72.64
location	DQ164191_Cb_NY_2003.5	42.23	-79.52
location	DQ164192_Cb_NY_2003.5	41.16	-73.99
location	DQ164193_Cb_NY_2002.5	44.85	-73.66
location	DQ164194_Cb_NY_2001.5	40.95	-72.64
location	DQ164195_Cx_NY_2002.5	40.67	-73.56
location	DQ164196_Hs_GA_2002.5	32.68	-83.25
location	DQ164197_Hs_GA_2002.5	32.68	-83.25
location	DQ164198_Hs_TX_2002.5	31.17	-100.08
location	DQ164199_Hs_TX_2003.5	31.17	-100.08
location	DQ164200_Hs_IN_2002.5	39.77	-86.44
location	DQ164201_Hs_AZ_2004.5	34.17	-111.93
location	DQ164202_Hs_OH_2002.5	40.19	-82.67
location	DQ164203_Ph_CO_2003.5	39	-105.55
location	DQ164204_Bj_CO_2003.5	39	-105.55
location	DQ164205_Hs_TX_2002.5	31.17	-100.08
location	DQ164206_Cc_TX_2004.5	29.77	-95.31
location	DQ176637_Qq_TX_2002.5	34.45	-100.69
location	DQ431693_Hs_TX_2003.6	35.08	-102.05
location	DQ431694_Hs_TX_2003.62	34.65	-102.75
location	DQ431695_Hs_IL_2003.5	42.08	-87.82
location	DQ431696_Hs_WI_2003.7	43.04	-87.91
location	DQ431697_Hs_FL_2003.56	27.98	-82.34
location	DQ431698_Hs_FL_2003.65	27.98	-82.34
location	DQ431699_Hs_FL_2003.73	27.98	-82.34
location	DQ431700_Hs_CA_2004.5	37.78	-122.46
location	DQ431701_Hs_CO_2004.53	39.07	-108.54
location	DQ431702_Hs_CO_2004.57	39.07	-108.54
location	DQ431703_Hs_CO_2004.57	39.07	-108.54
location	DQ431704_Hs_CO_2004.57	39.07	-108.54
location	DQ431705_Hs_SD_2004.52	44.07	-103.21
location	DQ431706_Hs_NM_2004.57	35.2	-106.64
location	DQ431707_Hs_NM_2004.58	35.2	-106.64
location	DQ431708_Hs_CA_2004.54	32.73	-117.17
location	DQ431709_Hs_CA_2004.54	34.06	-117.67
location	DQ431710_Hs_CA_2004.58	33.94	-117.95
location	DQ431711_Hs_AZ_2004.5	33.41	-111.93
location	DQ431712_Hs_AZ_2004.57	33.41	-111.93
location	DQ666448_Hs_AZ_2004.5	34.17	-111.93
location	DQ666449_Hs_TX_2005.5	31.17	-100.08
location	DQ666450_Hs_TX_2005.5	31.17	-100.08
location	DQ666451_Hs_AZ_2005.5	34.17	-111.93
location	DQ666452_Hs_SD_2005.5	44.22	-100.25
location	DQ983578_Cn_FL_2003.5	27.64	-80.68
location	FJ151394_Cb_NY_1999.5	40.77	-73.99
location	GQ507468_Hs_TX_2005.59	31.82	-106.56
location	GQ507469_Hs_NM_2005.67	32.28	-106.74
location	GQ507470_Hs_TX_2006.66	31.78	-106.5
location	GQ507471_Hs_TX_2007.48	31.84	-106.53
location	GQ507472_Hs_CA_2003.53	33.81	-117.83
location	GQ507473_Hs_CA_2004.56	34.22	-118.44
location	GQ507474_Hs_CA_2004.66	34.14	-117.15
location	GQ507475_Hs_CA_2004.49	34.04	-117.02
location	GQ507476_Hs_CA_2005.57	33.95	-117.73
location	GQ507477_Hs_CA_2005.58	33.85	-118.15
location	GQ507478_Hs_CA_2005.65	33.84	-118.08
location	GQ507479_Hs_AZ_2005.69	32.31	-111.21
location	GQ507480_Hs_CA_2005.76	33.95	-118.2
location	GQ507481_Hs_NE_2006.64	41.26	-96.12
location	GQ507482_Hs_AZ_2006.67	32.24	-110.92
location	GQ507483_Hs_CA_2007.59	34.1	-117.91
location	GQ507484_Hs_CA_2007.63	34.24	-118.52
location	KF704147.1_Cq_AZ_2010.6	33.54	-112.19
location	KF704153.1_Cq_AZ_2010.58	33.35	-111.79
location	KF704158.1_Cq_AZ_2010.58	33.35	-111.79
location	KR348915.1_Ct_CA_2011.66	37.98	-121.58
location	KR348916.1_Ct_CA_2008.63	38	-121.68
location	KR348917.1_Ct_CA_2008.37	38.01	-121.8
location	KR348918.1_Cp_CA_2011.9	38.01	-122.04
location	KR348919.1_Ct_CA_2009.58	38	-121.62
location	KR348920.1_Ct_CA_2009.18	38.01	-121.8
location	KR348921.1_Cp_CA_2009.18	38.01	-121.8
location	KR348922.1_Ct_CA_2009.63	37.89	-121.59
location	KR348923.1_Ct_CA_2003.63	33.28	-115.58
location	KR348924.1_Ct_CA_2003.63	33.18	-115.61
location	KR348925.1_Ct_CA_2003.63	33.18	-115.61
location	KR348926.1_Ct_CA_2008.93	33.54	-116.01
location	KR348927.1_Ct_CA_2003.7	33.28	-115.58
location	KR348928.1_Ct_CA_2007.77	33.54	-116.08
location	KR348929.1_Ct_CA_2008.77	33.53	-115.99
location	KR348930.1_Ct_CA_2009.02	33.53	-116.08
location	KR348931.1_Ct_CA_2009.02	33.54	-116.08
location	KR348932.1_Ct_CA_2007.72	33.54	-116.13
location	KR348933.1_Ct_CA_2008.19	33.57	-116.08
location	KR348934.1_Ct_CA_2007.72	33.53	-116.1
location	KR348935.1_Ct_CA_2005.41	33.51	-115.93
location	KR348936.1_Cq_CA_2008.74	33.81	-116.5
location	KR348937.1_Ct_CA_2010.6	33.54	-116.08
location	KR348938.1_Ct_CA_2011.13	33.53	-115.96
location	KR348939.1_Ct_CA_2005.47	33.57	-116.06
location	KR348940.1_Ct_CA_2010.6	33.54	-116.06
location	KR348941.1_Ct_CA_2011.66	33.53	-116.03
location	KR348942.1_Ct_CA_2011.66	33.53	-116.04
location	KR348943.1_Ct_CA_2004.29	33.51	-115.93
location	KR348944.1_Ct_CA_2010.7	33.46	-116.09
location	KR348945.1_Ct_CA_2004.29	33.51	-115.93
location	KR348946.1_Cq_CA_2008.56	34.19	-118.47
location	KR348947.1_Cq_CA_2007.72	34.19	-118.49
location	KR348948.1_Cq_CA_2004.63	33.68	-116.3
location	KR348949.1_Cq_CA_2004.65	33.7	-116.37
location	KR348950.1_Cq_CA_2008.39	33.95	-118.1
location	KR348951.1_Cq_CA_2004.38	33.9	-118.02
location	KR348952.1_Cq_CA_2007.8	34.19	-118.49
location	KR348953.1_Cq_CA_2008.74	34.14	-118.28
location	KR348954.1_Cq_CA_2010.85	34.4	-118.48
location	KR348955.1_Cq_CA_2007.36	34.16	-118.47
location	KR348956.1_Cq_CA_2010.94	34.19	-118.49
location	KR348957.1_Cq_CA_2010.94	34.19	-118.57
location	KR348958.1_Cq_CA_2011.11	34.17	-118.5
location	KR348959.1_Cq_CA_2011.11	34.17	-118.49
location	KR348960.1_Cq_CA_2011.11	34.19	-118.49
location	KR348961.1_Cq_CA_2011.11	34.19	-118.49
location	KR348962.1_Cq_CA_2011.11	34.19	-118.49
location	KR348963.1_Cs_CA_2011.11	34.19	-118.49
location	KR348964.1_Cq_CA_2011.82	34.16	-118.63
location	KR348965.1_Cq_CA_2011.82	34.24	-118.63
location	KR348966.1_Cq_CA_2011.82	34.45	-118.62
location	KR348967.1_Cq_CA_2011.88	34.12	-118.11
location	KR348968.1_Cq_CA_2008.56	34.01	-117.81
location	KR348969.1_Cs_CA_2011.48	33.95	-118.15
location	KR348970.1_Cq_CA_2008.56	33.98	-117.86
location	KR348971.1_Cs_CA_2011.5	34.03	-117.82
location	KR348972.1_Cq_CA_2011.43	33.84	-118.06
location	KR348973.1_Cq_CA_2011.43	33.87	-118.03
location	KR348974.1_Cs_CA_2004.19	34.03	-118.05
location	KR348975.1_Cq_CA_2004.19	33.85	-118.1
location	KR348976.1_Ct_CA_2011.55	37.35	-118.37
location	KR348977.1_Ct_CA_2011.62	37.35	-118.37
location	KR348978.1_Cq_CA_2008.49	35.35	-119.04
location	KR348979.1_Cq_CA_2004.53	35.44	-119.13
location	KR348980.1_Ct_CA_2011.02	35.14	-118.94
location	KR348981.1_Ct_CA_2011.02	35.14	-119.1
location	KR348982.1_Ct_CA_2011.02	35.28	-119.1
location	KR348983.1_Cq_CA_2011.02	35.5	-119.25
location	KR348984.1_Cq_CA_2011.02	35.59	-119.35
location	KR348985.1_Ct_CA_2007.62	35.29	-118.94
location	KR348986.1_Ct_CA_2007.62	35.17	-118.82
location	KR348987.1_Ct_CA_2008.78	35.29	-118.94
location	KR348988.1_Cq_CA_2008.94	35.36	-119.02
location	KR348989.1_Ct_CA_2007.86	35.25	-119.24
location	KR348990.1_Cq_CA_2007.7	35.5	-119.25
location	KR348991.1_Cq_CA_2007.7	35.38	-119.04
location	KR348992.1_Cq_CA_2006.73	35.38	-119.11
location	KR348993.1_Ct_CA_2011.55	34.83	-114.6
location	KR348994.1_Cp_CA_2005.65	38.49	-121.39
location	KR348995.1_Ct_CA_2005.64	38.34	-121.51
location	KR348996.1_Ct_CA_2004.61	38.44	-121.5
location	KR348997.1_Cp_CA_2005.49	38.58	-121.37
location	KR348998.1_Cp_CA_2008.49	38.5	-121.5
location	KR348999.1_Cp_CA_2005.55	38.67	-121.31
location	KR349000.1_Ct_CA_2008.57	38.29	-121.59
location	KR349001.1_Cp_CA_2011.02	38.45	-121.37
location	KR349002.1_Ct_CA_2011.02	38.46	-121.36
location	KR349003.1_Ct_CA_2011.02	38.47	-121.45
location	KR349004.1_Cp_CA_2011.02	38.47	-121.45
location	KR349005.1_Cp_CA_2011.02	38.46	-121.39
location	KR349006.1_Cp_CA_2011.02	38.43	-121.44
location	KR349007.1_Ct_CA_2005.54	38.46	-121.75
location	KR349008.1_Ct_CA_2005.54	38.57	-121.73
location	KR349009.1_Ct_CA_2005.54	38.52	-121.76
location	KR349010.1_Ct_CA_2005.57	38.34	-121.51
location	KR349011.1_Cp_CA_2005.57	38.71	-121.28
location	KR349012.1_Cp_CA_2005.57	38.71	-121.28
location	KR349013.1_Ct_CA_2007.73	38.38	-121.22
location	KR349014.1_Ct_CA_2008.65	38.66	-121.73
location	KR349015.1_Ct_CA_2004.86	38.44	-121.5
location	KR349016.1_Ct_CA_2004.62	38.69	-122.05
location	KR349017.1_Cp_CA_2007.56	40.5	-122.32
location	KR349018.1_Cp_CA_2007.57	40.48	-122.35
location	KR349019.1_Cp_CA_2009.65	40.5	-122.33
location	KR349020.1_Ct_CA_2011.11	40.42	-122.24
location	KR349021.1_Ct_CA_2011.02	38.43	-121.44
location	KR349022.1_Cq_CA_2011.11	34.19	-118.49
location	KR349023.1_Ct_CA_2004.62	38.64	-121.98
location	KR349024.1_Ct_CA_2003.63	33.28	-115.58
location	KR349025.1_Ct_CA_2007.56	40.5	-122.32
location	KR349026.1_Ct_CA_2011.7	39.12	-121.76
location	KY216149.1_Cp_NY_2012.47	40.73	-73.21
location	KY216150.1_Cp_NY_2012.53	40.73	-73.21
location	KY216151.1_Cp_NY_2012.54	40.87	-73.43
location	KY216152.1_Cp_NY_2012.54	40.87	-73.43
location	KY216153.1_Cp_NY_2012.57	40.73	-73.21
location	KY216154.1_Cp_NY_2012.57	40.73	-73.21
location	KY216155.1_Cp_NY_2012.60	40.87	-73.43
location	KY229069.1_Cp_NY_2012.60	40.87	-73.43
location	KY229070.1_Cp_NY_2012.61	40.73	-73.21
location	KY229071.1_Cp_NY_2012.60	40.73	-73.21
location	KY229072.1_Cp_NY_2012.62	40.87	-73.43
location	KY229073.1_Cp_NY_2012.64	40.87	-73.43
location	KY229074.1_Cp_NY_2012.64	40.87	-73.43
location	WNV_1091790_Ct_MT_08.29.18_2018.660274	47.27	-111.7
location	WNV_1169648_Cp_UT_072517_2017.566051	40.72	-111.82
location	WNV_1169713_Cp_UT_073117_2017.582478	40.73	-111.86
location	WNV_1169744_Cp_UT_073117_2017.582478	40.74	-111.93
location	WNV_1169794_Cp_UT_080717_2017.601643	40.77	-111.95
location	WNV_1169823_Cp_UT_080717_2017.601643	40.77	-111.96
location	WNV_1169857_Ct_UT_081417_2017.620808	40.77	-111.96
location	WNV_1169922_Cp_UT_081617_2017.626283	40.74	-111.99
location	WNV_1169929_Cp_UT_082117_2017.639973	40.71	-111.87
location	WNV_1169936_Cp_UT_082117_2017.639973	40.71	-111.89
location	WNV_1169941_Ct_UT_082117_2017.639973	40.62	-111.94
location	WNV_1169952_Cp_UT_082117_2017.639973	40.72	-111.89
location	WNV_1191624_Ct_UT_071117_2017.527721	41.61	-112.13
location	WNV_1193718_Ct_UT_071917_2017.549624	40.61	-111.92
location	WNV_1193730_Cp_UT_071917_2017.549624	40.72	-111.89
location	WNV_1197941_Ct_UT_072517_2017.566051	40.29	-109.85
location	WNV_1197943_Cp_UT_072417_2017.563313	40.52	-111.94
location	WNV_1197963_Ct_UT_072417_2017.563313	40.69	-111.92
location	WNV_1197976_Cp_UT_072417_2017.563313	40.69	-111.83
location	WNV_1198106_Cp_UT_072617_2017.568789	40.61	-111.9
location	WNV_1198115_Cp_UT_072617_2017.568789	40.59	-111.91
location	WNV_1198226_Ct_UT_080117_2017.585216	40.29	-109.85
location	WNV_1198240_Ct_UT_073117_2017.582478	40.73	-112.21
location	WNV_1198288_Cp_UT_080117_2017.585216	41.71	-111.98
location	WNV_1201260_Ct_UT_080717_2017.601643	40.7	-112.1
location	WNV_1201358_Cp_UT_080917_2017.607118	40.85	-111.94
location	WNV_1201651_Ct_UT_081617_2017.626283	41.12	-112.08
location	WNV_1201775_Ct_UT_082317_2017.645448	41	-111.95
location	WNV_1201877_Ct_UT_083017_2017.664613	40.87	-111.91
location	WNV_1202008_Cp_UT_083017_2017.664613	40.67	-111.83
location	WNV_1204419_Ct_UT_080917_2017.607118	41.14	-111.92
location	WNV_1204421_Ct_UT_080217_2017.587953	39.36	-112.57
location	WNV_1204426_Cp_UT_080717_2017.601643	40.69	-112
location	WNV_1204534_Ct_UT_081517_2017.623546	41.14	-111.92
location	WNV_1204538_Cp_UT_081417_2017.620808	41.14	-111.92
location	WNV_1204631_Ct_UT_082117_2017.639973	40.74	-112.07
location	WNV_1204869_Cp_UT_082317_2017.645448	41.09	-112.12
location	WNV_1207986_Cp_UT_081617_2017.626283	40.66	-111.91
location	WNV_1207997_Cp_UT_082917_2017.661875	40.74	-112.07
location	WNV_1208135_Ct_UT_082817_2017.659138	40.77	-111.96
location	WNV_1208151_Cp_UT_083017_2017.664613	40.58	-111.92
location	WNV_1208328_Ct_UT_090617_2017.683778	41.04	-112
location	WNV_1208412_Ct_UT_091317_2017.702943	41.08	-111.97
location	WNV_1211542_Cp_UT_083017_2017.664613	40.73	-111.89
location	WNV_1211632_Cp_UT_091117_2017.697467	40.71	-111.87
location	WNV_1211751_Cp_UT_091317_2017.702943	41.09	-112.12
location	WNV_12SP1EzSCL002_Ct_UT_07.15.14_2014.536986	37.13	-113.65
location	WNV_12SP4AzSGE009_Ct_UT_07.16.14_2014.539726	37.07	-113.52
location	WNV_14SP1AzSCL002_Ct_UT_07.29.14_2014.575342	37.13	-113.65
location	WNV_14SP2AzSCL004_Ct_UT_07.29.14_2014.575342	37.14	-113.46
location	WNV_14SP2BzSCL001_Ct_UT_07.29.14_2014.575342	37.13	-113.63
location	WNV_15SP4CzSGE009EX_Ct_UT_08.20.15_2014.635616	37.07	-113.52
location	WNV_164572096_0_Cq_AZ_09.20.16_2016.721311	33.57	-111.82
location	WNV_16aD4_Ce_AZ_07.31.17_2017.580822	32.65	-114.73
location	WNV_16SP3_UT_09.12.17_2017.69863	37.11	-113.51
location	WNV_16SP3C_WAS002_Ct_UT_09.13.17_2017.70137	37.11	-113.51
location	WNV_17SP1AzSCL002_Ct_UT_08.19.14_2014.632877	37.13	-113.65
location	WNV_17SP2_UT_09.18.17_2017.715068	37.11	-113.51
location	WNV_17SP2AWAS002_Ct_UT_09.19.17_2017.717808	37.11	-113.51
location	WNV_17SP3_UT_09.18.17_2017.715068	37.07	-113.53
location	WNV_17SP3AzWAS001_Ct_UT_09.01.15_2015.668493	37.11	-113.51
location	WNV_17SP3DSGE009_Ct_UT_09.19.17_2017.717808	37.07	-113.52
location	WNV_17SP3FSGE0092_Ct_UT_09.19.17_2017.717808	37.07	-113.53
location	WNV_17SP4_UT_09.18.17_2017.715068	37.11	-113.51
location	WNV_17SP4D_WAS001_Ct_UT_09.18.17_2017.715068	37.11	-113.51
location	WNV_18SP2_UT_09.22.17_2017.726027	37.07	-113.52
location	WNV_18SP2C_SGE009_Ct_UT_09.25.17_2017.734247	37.07	-113.52
location	WNV_19SP1azSCL001_Ct_UT_09.02.14_2014.671233	37.13	-113.64
location	WNV_19SP4_UT_09.29.17_2017.745205	37.07	-113.53
location	WNV_19SP4E_HUR010_Ct_UT_10.02.17_2017.753425	37.12	-113.39
location	WNV_1aA5_Ct_AZ_08.14.17_2017.619178	32.73	-114.6
location	WNV_1cC10_Ct_AZ_08.28.17_2017.657534	32.73	-114.6
location	WNV_2_1107024_Ct_MT_08.16.18_2018.624658	46.59	-112.04
location	WNV_21110zWAS002_Ct_UT_08.06.13_2013.59726	37.11	-113.51
location	WNV_2112zSCL002_Ct_UT_08.05.13_2013.594521	37.13	-113.65
location	WNV_2114zSGE003G_Ct_UT_08.05.13_2013.594521	37.09	-113.54
location	WNV_2117zSGE009_Ct_UT_08.06.13_2013.59726	37.07	-113.52
location	WNV_2119zSGE012_Ct_UT_08.06.13_2013.59726	37.06	-113.55
location	WNV_21SP1CzSCL001_Ct_UT_08.05.13_2013.594521	37.13	-113.64
location	WNV_21SP1DzSCL004_Ct_UT_08.05.13_2013.594521	37.13	-113.63
location	WNV_21SP2BzSGE007RG_Ct_UT_08.05.13_2013.594521	37.13	-113.62
location	WNV_21SP2EzSGE011_Ct_UT_08.05.13_2013.594521	37.11	-113.63
location	WNV_21SP3DzSGE011_Ct_UT_09.16.14_2014.709589	37.11	-113.63
location	WNV_22113zSGE009_Ct_UT_08.13.13_2013.616438	37.07	-113.52
location	WNV_22115zSGE012_Ct_UT_08.13.13_2013.616438	37.06	-113.55
location	WNV_2212zSCL001_Ct_UT_08.12.13_2013.613699	37.13	-113.64
location	WNV_2219zSGE011_Ce_UT_08.12.13_2013.613699	37.11	-113.63
location	WNV_2297_Ct_CA_06.06.17_2017.430137	33.54	-116.08
location	WNV_22SP1BzIVI003_Ct_UT_08.16.13_2013.624658	37.15	-113.69
location	WNV_22SP1EzWAS008_Ct_UT_08.14.13_2013.619178	37.14	-113.46
location	WNV_23116zWAS008_Ct_UT_08.21.13_2013.638356	37.14	-113.46
location	WNV_2314zSCL002_Ct_UT_08.19.13_2013.632877	37.13	-113.65
location	WNV_23SP5AzWAS002_Ct_UT_08.20.13_2013.635616	37.11	-113.51
location	WNV_2410zSGE009_Ct_UT_08.27.13_2013.654795	37.07	-113.52
location	WNV_2412zWAS002_Ct_UT_08.27.13_2013.654795	37.11	-113.51
location	WNV_243zSCL004_Ct_UT_08.26.13_2013.652055	37.13	-113.63
location	WNV_249zSGE012_Ct_UT_08.27.13_2013.654795	37.06	-113.55
location	WNV_24SP2AzSCL001_Ct_UT_08.26.13_2013.652055	37.13	-113.64
location	WNV_2616_Ct_CA_06.20.17_2017.468493	33.58	-116.08
location	WNV_26SP3AzIVI002_Ct_UT_10.21.14_2014.805479	37.15	-113.67
location	WNV_2786_Ct_CA_07.07.17_2017.515068	33.48	-116.1
location	WNV_2919_Ct_CA_07.18.17_2017.545205	33.58	-116.08
location	WNV_29SP3EzSGE008_Ct_UT_10.01.13_2013.750685	37.08	-113.57
location	WNV_29SP4AzSGE009_Ct_UT_10.01.13_2013.750685	37.07	-113.52
location	WNV_2bF5_Ct_AZ_08.14.17_2017.619178	32.73	-114.6
location	WNV_2cH8_Ct_AZ_08.28.17_2017.657534	32.73	-114.6
location	WNV_3_1069023_Ct_MT_08.30.16_2016.663934	47.51	-111.3
location	WNV_3_1107139_Ct_MT_08.31.18_2018.665753	47.27	-111.7
location	WNV_3168_Ct_CA_08.08.17_2017.60274	33.53	-116.04
location	WNV_3285_1107027_Ct_MT_08.21.18_2018.638356	48.61	-108.95
location	WNV_3288_1107030_Ct_MT_08.12.18_2018.613699	45.89	-111.55
location	WNV_3315_Ct_CA_08.22.17_2017.641096	33.53	-116.03
location	WNV_3409_Ct_CA_08.29.17_2017.660274	33.54	-116.06
location	WNV_3507_Ct_CA_09.06.17_2017.682192	33.53	-116.06
location	WNV_3510_Ct_CA_09.06.17_2017.682192	33.53	-116.06
location	WNV_3aG5_Ct_AZ_08.14.17_2017.619178	32.73	-114.6
location	WNV_6cF10_Ct_AZ_08.28.17_2017.657534	32.72	-114.61
location	WNV_7cB7_Ct_AZ_08.14.17_2017.619178	32.72	-114.6
location	WNV_7cD10_Ct_AZ_08.28.17_2017.657534	32.72	-114.6
location	WNV_808T_P1_Cp_WA_08.02.18_2018.586301	47.63	-117.38
location	WNV_814G_P10_Ct_WA_08.14.18_2018.619178	47.25	-122.41
location	WNV_814G_P8_Cp_WA_08.14.18_2018.619178	47.25	-122.41
location	WNV_815T_P1_Cp_WA_08.15.18_2018.621918	47.63	-117.38
location	WNV_AmpSeqMERGED_Ct_AZ_06.09.15_2015.438356	33.43	-112.25
location	WNV_AmpSeqMERGED_Cq_AZ_06.26.14_2014.484932	33.41	-112.25
location	WNV_AmpSeqMERGED_Ct_AZ_10.20.16_2016.803279	33.42	-112.32
location	WNV_AmpSeqMERGED_Ct_AZ_05.11.16_2016.360656	33.57	-112.14
location	WNV_AmpSeqMERGED_Cq_AZ_08.05.15_2015.594521	33.43	-111.83
location	WNV_AmpSeqMERGED_Cq_AZ_06.03.14_2014.421918	33.29	-111.83
location	WNV_AmpSeqMERGED_Cq_AZ_06.28.16_2016.491803	33.22	-111.61
location	WNV_AmpSeqMERGED_Ct_AZ_07.22.14_2014.556164	33.44	-111.89
location	WNV_AmpSeqMERGED_Cq_AZ_08.25.16_2016.650273	33.42	-111.83
location	WNV_AmpSeqMERGED_Cq_AZ_08.28.14_2014.657534	33.47	-112.3
location	WNV_AmpSeqMERGED_Cq_AZ_10.07.15_2015.767123	33.47	-111.97
location	WNV_AmpSeqMERGED_Cq_AZ_06.10.14_2014.441096	33.56	-111.92
location	WNV_AmpSeqMERGED_Cq_AZ_05.12.15_2015.361644	33.39	-111.79
location	WNV_CC1416051_64_Cq_AZ_07.29.14_2014.575342	33.33	-111.77
location	WNV_CC1417436_17_Cq_AZ_08.14.14_2014.619178	33.66	-112.24
location	WNV_CC1617128_0_Cq_AZ_09.22.16_2016.726776	33.37	-111.81
location	WNV_CC1909932_R794_A8_Cq_AZ_05.21.19_2019.389445	33.63	-112.4
location	WNV_CheshireDam_Tube_Ct_08272019_2019.655031	35.24	-111.67
location	WNV_LakeMaryPond_Tube_Ct_08202019_2019.635866	35.11	-111.59
location	WNV_RT_1689055D4_Ct_AZ_06.15.18_2018.454795	33.33	-111.7
location	WNV_90_Cq_AZ_07.18.14_2014.545205	33.26	-111.62
location	WNV_35_Cq_AZ_06.03.14_2014.421918	33.44	-111.89
location	WNV_Q543_D6_Ct_AZ_04.18.19_2019.299094	33.44	-111.89
location	WNV_56_Ct_AZ_09292015_2015.74538	33.32	-111.78
location	WNV_63_Cq_AZ_09292015_2015.74538	33.32	-111.78
location	WNV_MERGED_Cq_AZ_06.22.17_2017.473974	33.33	-111.78
location	WNV_Z567_A1_Cq_AZ_05.09.19_2019.35659	33.44	-111.89
location	WNV_73_Cq_AZ_07.23.14_2014.558904	33.4	-112.27
location	WNV_5B21_A7_Cq_AZ_06.04.19_2019.427776	33.65	-112.36
location	WNV_10_Cq_AZ_07.09.14_2014.520548	33.43	-112.25
location	WNV_3B92_H10_Cq_AZ_06.04.19_2019.427776	33.47	-112.33
location	WNV_V008_B9_Cq_AZ_03.27.19_2019.23886	33.47	-112.33
location	WNV_9A07_C2_Cq_AZ_05.17.19_2019.378494	33.48	-112.25
location	WNV_F10_Ct_AZ_09.07.17_2017.684932	33.55	-112.16
location	WNV_11_Cq_AZ_09292015_2015.74538	33.33	-111.94
location	WNV_488D11_Ct_AZ_07.26.18_2018.567123	33.33	-111.7
location	WNV_149G4_Ct_AZ_06.22.18_2018.473973	33.33	-111.7
location	WNV_050B3_Ct_AZ_06.15.18_2018.454795	33.33	-111.7
location	WNV_48_Cq_AZ_06102015_2015.441478	33.32	-111.95
location	WNV_74_Cq_AZ_07.23.14_2014.558904	33.32	-111.95
location	WNV_MERGED_Cq_AZ_06.08.17_2017.435616	33.33	-111.95
location	WNV_4_Cq_AZ_11.21.14_2014.890411	33.47	-111.91
location	WNV_78_Cq_AZ_10142015_2015.786448	33.41	-111.93
location	WNV_7B06_B12_Cq_AZ_06.04.19_2019.427776	33.34	-111.94
location	WNV_13_Cq_AZ_10.07.16_2016.76776	33.24	-111.68
location	WNV_66H6_Cq_AZ_07.10.18_2018.523288	33.52	-111.92
location	WNV_10_Cq_AZ_07232015_2015.559206	33.69	-111.99
location	WNV_11_Cq_AZ_07182015_2015.545517	33.69	-111.99
location	WNV_27_Cq_AZ_07282015_2015.572895	33.69	-111.99
location	WNV_MERGED_Cq_AZ_06.02.17_2017.419178	33.37	-111.78
location	WNV_MERGED_Cq_AZ_06.01.17_2017.416437	33.34	-111.88
location	WNV_30_Cq_AZ_07.02.14_2014.50137	33.36	-111.75
location	WNV_79_Ct_AZ_07.23.14_2014.558904	33.36	-111.75
location	WNV_MERGED_Cq_AZ_06.20.17_2017.468493	33.36	-111.74
location	WNV_88_Cq_AZ_07.18.14_2014.558904	33.36	-111.75
location	WNV_0_Ct_AZ_09.09.16_2016.691257	33.35	-111.8
location	WNV_Q244_G4_Cq_AZ_04.11.19_2019.279929	33.44	-111.89
location	WNV_Q267_F9_Cq_AZ_04.11.19_2019.279929	33.44	-111.89
location	WNV_MERGED_Ct_AZ_05.26.17_2017.4	33.44	-111.89
location	WNV_MERGED_Ct_AZ_05.26.17_2017.4(2)	33.44	-111.89
location	WNV_26_Cq_AZ_08.20.14_2018.39726	33.44	-111.87
location	WNV_33_Ct_AZ_07282015_2015.572895	33.44	-111.87
location	WNV_Q225_F1_Cq_AZ_04.11.19_2019.279929	33.44	-111.87
location	WNV_X549_F11_Ct_AZ_05.03.19_2019.340163	33.44	-111.87
location	WNV_MERGED_Ct_AZ_06.20.17_2017.468493	33.44	-111.87
location	WNV_Q441_F6_Ct_AZ_04.23.19_2019.312784	33.44	-111.89
location	WNV_3B93_B9_Ct_AZ_06.04.19_2019.427776	33.44	-111.89
location	WNV_61_Cq_AZ_05122015_2015.362081	33.44	-111.87
location	WNV_Q226_C10_Cq_AZ_04.11.19_2019.279929	33.44	-111.89
location	WNV_Q255_B3_Cq_AZ_04.11.19_2019.279929	33.44	-111.89
location	WNV_Q268_G9_Cq_AZ_04.11.19_2019.279929	33.44	-111.89
location	WNV_MERGED_Ct_AZ_06.16.17_2017.457534	33.44	-111.87
location	WNV_50_Cq_AZ_06092015_2015.438741	33.44	-111.78
location	WNV_MERGED_Cq_AZ_06.15.17_2017.454795	33.35	-111.8
location	WNV_E9_Ct_AZ_09.19.17_2017.717808	33.4	-112.27
location	WNV_Z043_D4_Ct_AZ_05.17.19_2019.378494	33.38	-112.21
location	WNV_Z132_H4_Ct_AZ_05.17.19_2019.378494	33.38	-112.21
location	WNV_X696_F1_Ct_AZ_05.14.19_2019.37028	33.4	-112.21
location	WNV_0_Cq_AZ_07.23.14_2014.558904	33.42	-112.3
location	WNV_63_Cq_AZ_05122015_2015.362081	33.42	-112.3
location	WNV_2A29_G10_Cq_AZ_05.09.19_2019.35659	33.4	-112.31
location	WNV_817F8_Cq_AZ_06.27.18_2018.487671	33.4	-112.31
location	WNV_MERGED_Ct_AZ_06.01.17_2017.416438	33.4	-112.31
location	WNV_3_Ct_AZ_07.16.14_2014.539726	33.41	-112.26
location	WNV_9_Cq_AZ_06.18.14_2014.463014	33.41	-112.26
location	WNV_0_Ct_AZ_10.11.16_2016.778689	33.39	-112.25
location	WNV_7_Ct_AZ_06.18.14_2014.463014	33.41	-112.25
location	WNV_75_Cq_AZ_07.23.14_2014.558904	33.41	-112.25
location	WNV_13_Cq_AZ_07.09.14_2014.520548	33.41	-112.23
location	WNV_43_Ct_AZ_06112015_2015.444216	33.39	-112.3
location	WNV_6A43_A6_Ct_AZ_05.16.19_2019.375756	33.39	-112.34
location	WNV_D10_Ct_AZ_09.27.17_2017.739726	33.42	-112.32
location	WNV_12_Cq_AZ_10.02.14_2014.753425	33.34	-111.76
location	WNV_57_Cq_AZ_08.28.14_2014.657534	33.35	-111.59
location	WNV_AMERGED_Cq_AZ_06.02.17_2017.419178	33.39	-111.85
location	WNV_BMERGED_Cq_AZ_06.02.17_2017.419178	33.39	-111.85
location	WNV_CMERGED_Cq_AZ_06.09.17_2017.438356	33.39	-111.85
location	WNV_65_Cq_AZ_05072015_2015.348392	33.58	-112.16
location	WNV_MERGED_Cq_AZ_06.22.17_2017.473973	33.36	-112.16
location	WNV_56_Cq_AZ_05282015_2015.405886	33.43	-112.05
location	WNV_MERGED_Ct_AZ_06.15.17_2017.454795	33.57	-112.44
location	WNV_87_Ct_AZ_07.25.14_2014.564384	33.56	-112.44
location	WNV_92_Ct_AZ_07.18.14_2014.545205	33.56	-112.44
location	WNV_254B4_Ct_AZ_07.26.18_2018.567123	33.57	-112.14
location	WNV_MERGED_Cq_AZ_06.01.17_2017.416438	33.57	-112.14
location	WNV_F8_Ct_AZ_10.06.17_2017.764384	33.31	-112.03
location	WNV_4A73_B8_Cq_AZ_06.04.19_2019.427776	33.37	-111.6
location	WNV_5B12_G3_Cq_AZ_06.04.19_2019.427776	33.62	-112.21
location	WNV_Z510_A6_Ct_AZ_05.17.19_2019.378494	33.25	-111.78
location	WNV_19_Cq_AZ_06.25.14_2014.482192	33.63	-112.04
location	WNV_MERGED_Cq_AZ_06.21.17_2017.471233	33.62	-111.95
location	WNV_22_Cq_AZ_07.22.14_2014.556164	33.65	-111.98
location	WNV_MERGED_Cq_AZ_05.31.17_2017.413698	33.64	-111.99
location	WNV_MERGED_Cq_AZ_06.21.17_2017.471234	33.61	-112.19
location	WNV_85_Ct_AZ_10.08.14_2014.769863	33.62	-112.13
location	WNV_2_Cq_AZ_06102015_2015.441478	33.43	-111.83
location	WNV_Q809_H3_Cq_AZ_06.04.19_2019.427776	33.43	-111.83
location	WNV_45_Ct_AZ_10142015_2015.786448	33.44	-111.83
location	WNV_Z164_F8_Ct_AZ_05.17.19_2019.378494	33.43	-111.85
location	WNV_cq_AZ_10.13.16_2016.784153	33.4	-111.85
location	WNV_X775_A8_Ct_AZ_05.15.19_2019.373018	33.38	-111.83
location	WNV_MERGED_Cq_AZ_05.26.17_2017.4	33.39	-111.83
location	WNV_45_Cq_AZ_06112015_2015.444216	33.36	-111.64
location	WNV_7894_C2_Cq_AZ_05.21.19_2019.389445	33.36	-111.64
location	WNV_52_Cq_AZ_07162015_2015.540041	33.36	-111.67
location	WNV_58_Cq_AZ_05212015_2015.386721	33.36	-111.67
location	WNV_60_Cq_AZ_05142015_2015.367556	33.36	-111.67
location	WNV_D10_Cq_AZ_09.13.17_2017.70137	33.36	-111.67
location	WNV_MERGED_Cq_AZ_06.01.17_2017.416439	33.36	-111.66
location	WNV_54_Cq_AZ_08.28.14_2014.657534	33.33	-111.83
location	WNV_X947_C10_Cq_AZ_05.17.19_2019.378494	33.33	-111.83
location	WNV_19_Cq_AZ_08062015_2015.597536	33.25	-111.82
location	WNV_B10_Ct_AZ_09.15.17_2017.706849	33.3	-111.72
location	WNV_41_Cq_AZ_07142015_2015.534565	33.28	-111.71
location	WNV_446F8_Cq_AZ_07.27.18_2018.569863	33.28	-111.73
location	WNV_24_Cq_AZ_08.20.14_2014.635616	33.27	-111.71
location	WNV_177C1_Cq_07.05.18_2018.509589	33.27	-111.77
location	WNV_41_Cq_AZ_09302015_2015.748118	33.21	-111.74
location	WNV_0_Cq_AZ_09.07.16_2016.685792	33.27	-111.69
location	WNV_16_Cq_AZ_06.04.14_2014.424658	33.57	-112.11
location	WNV_89_Cq_AZ_09.24.14_2014.731507	33.57	-112.02
location	WNV_34_Ct_AZ_06.03.14_2014.421918	33.44	-111.91
location	WNV_17_Cq_AZ_06.24.14_2014.479452	32.99	-113.31
location	WNV_7B24_B10_Cq_AZ_06.04.19_2019.427776	33.31	-111.95
location	WNV_Z023_E3_Cq_AZ_05.17.19_2019.378494	33.62	-112.38
location	WNV_9A71_B10_Cq_AZ_05.17.19_2019.378494	33.37	-111.89
location	WNV_0_Cq_AZ_07.29.14_2014.575342	33.36	-111.82
location	WNV_335A12_Ct_AZ_07.25.18_2018.564384	33.36	-111.78
location	WNV_38_Cq_AZ_06.12.14_2014.446575	33.44	-111.71
location	WNV_B9_Cq_AZ_09.22.17_2017.726027	33.44	-111.71
location	WNV_MERGED_Cq_AZ_04.26.17_2017.317808	33.44	-111.71
location	WNV_7B16_A4_Ct_AZ_06.04.19_2019.427776	33.44	-111.89
location	WNV_Q227_B5_Cq_AZ_04.11.19_2019.279929	33.44	-111.89
location	WNV_Q227_B5_Ct_AZ_04.12.19_2019.282667	33.44	-111.89
location	WNV_X711_G9_Ct_AZ_05.17.19_2019.378494	33.44	-111.89
location	WNV_MERGED_Ct_AZ_06.20.17_2017.468494	33.44	-111.89
location	WNV_52_Cq_AZ_0632015_2015.422313	33.4	-111.93
location	WNV_9A48_G5_Cq_AZ_05.21.19_2019.389445	33.38	-111.95
location	WNV_69_Cq_AZ_05212015_2015.386721	33.37	-111.85
location	WNV_51_Cq_AZ_08.28.14_2014.657534	33.36	-111.89
location	WNV_9A67_F4_Cq_AZ_05.17.19_2019.378494	33.36	-111.89
location	WNV_7B96_F6_Cq_AZ_06.04.19_2019.427776	33.35	-111.93
location	WNV_X750_E4_Cq_AZ_05.17.19_2019.378494	33.35	-111.93
location	WNV_9A52_B1_Cq_AZ_05.17.19_2019.378494	33.37	-111.9
location	WNV_MERGED_Cq_AZ_06.14.17_2017.452055	33.43	-111.69
location	WNV_A10_Ct_AZ_10.13.17_2017.783562	33.43	-111.71
location	WNV_7_Cq_AZ_07252015_2015.564682	33.4	-112.03
location	WNV_MERGED_Cq_AZ_05.31.17_2017.413699	33.4	-112.04
location	WNV_MERGED_Cq_AZ_06.21.17_2017.471235	33.37	-111.78
location	WNV_X780_F7_Cq_AZ_05.14.19_2019.37028	33.36	-111.76
location	WNV_E10_Cq_AZ_09.13.17_2017.70137	33.36	-111.76
location	WNV_78_Cq_AZ_07.23.14_2014.558904	33.6	-112
location	WNV_54_Cq_AZ_09092015_2015.690623	33.4	-111.78
location	WNV_A8_Ct_AZ_09.15.17_2017.706849	33.4	-111.78
location	WNV_C8_Ct_AZ_10.05.17_2017.761644	33.37	-111.71
location	WNV_17_Cq_AZ_10.27.16_2014.558904	33.43	-111.8
location	WNV_B5_Ct_AZ_06.15.17_2017.454795	33.63	-112.08
location	WNV_MERGED_Cq_AZ_06.13.17_2017.449315	33.39	-111.73
location	WNV_11_Cq_AZ_07.09.14_2014.520548	33.43	-111.8
location	WNV_9E29_A11_Cq_AZ_08072019_2019.600274	33.43	-111.8
location	WNV_6A02_F9_Cq_AZ_06.04.19_2019.427776	33.55	-112.11
location	WNV_53_Cq_AZ_05202015_2015.383984	33.5	-112.09
location	WNV_MERGED_Cq_AZ_06.23.17_2017.476712	33.5	-112.02
location	WNV_8B20_F10_Cq_AZ_08072019_2019.600274	33.58	-112.06
location	WNV_53_Cq_AZ_05292015_2015.408624	33.46	-111.9
location	WNV_64_Cq_AZ_07172015_2015.542779	33.27	-111.83
location	WNV_66_Cq_AZ_05012015_2015.331964	33.27	-111.83
location	WNV_86_Cq_AZ_07.24.14_2014.561644	33.27	-111.87
location	WNV_Q749_A1_Cq_AZ_06.04.19_2019.427776	33.43	-111.88
location	WNV_MERGED_Cq_AZ_05.04.17_2017.339726	33.66	-112.09
location	WNV_F9_Cq_AZ_09.15.17_2017.706849	33.34	-111.59
location	WNV_A9_Cq_AZ_09.20.17_2017.720548	33.24	-111.65
location	WNV_62_Cq_AZ_08182015_2015.63039	33.26	-111.85
location	WNV_17_Cq_AZ_06182015_2015.463381	33.4	-112.53
location	WNV_25_Cq_AZ_08182015_2015.63039	33.47	-112.37
location	WNV_B10_Cq_AZ_09.13.17_2017.70137	33.49	-111.95
location	WNV_44_Cq_AZ_06112015_2015.444216	33.42	-111.81
location	WNV_H9_Ct_AZ_09.07.17_2017.684932	33.49	-111.97
location	WNV_Cq_AZ_06172015_2015.460643	33.49	-111.93
location	WNV_X845_B12_Cq_AZ_05.15.19_2019.373018	33.34	-111.85
location	WNV_24_Ct_AZ_06172015_2015.460643	33.72	-112.21
location	WNV_26_Cq_AZ_06172015_2015.460643	33.62	-111.97
location	WNV_MERGED_Cq_AZ_06.21.17_2017.471236	33.62	-111.97
location	WNV_68_Cq_AZ_04242015_2015.312799	33.32	-112.48
location	WNV_0_Ct_AZ_10.04.16_2016.759563	33.63	-112.11
location	WNV_MERGED_Cq_AZ_05.31.17_2017.4136990	33.63	-112.11
location	WNV_Q615_B3_Cq_AZ_04.16.19_2019.293618	33.29	-111.95
location	WNV_X836_D4_Cq_AZ_05.21.19_2019.389445	33.29	-111.95
location	WNV_X689_B7_Ct_AZ_05.14.19_2019.37028	33.6	-112.34
location	WNV_15_Ct_AZ_07.08.14_2014.517808	33.68	-112.06
location	WNV_155B2_Cq_AZ_06.22.18_2018.473973	33.34	-112.48
location	WNV_AMERGED_Cq_AZ_05.05.17_2017.342466	33.38	-111.8
location	WNV_BMERGED_Cq_AZ_06.22.17_2017.473973	33.38	-111.8
location	WNV_MERGED_Cq_AZ_06.09.17_2017.438356	33.38	-111.8
location	WNV_X484_C11_Cq_AZ_05.03.19_2019.340163	33.38	-112.11
location	WNV_D8_Cq_AZ_10.04.17_2017.758904	33.38	-112.11
location	WNV_85_Cq_AZ_09292015_2015.74538	33.33	-111.82
location	WNV_5A90_E11_Cq_AZ_06.04.19_2019.427776	33.42	-111.86
location	WNV_Z711_B6_Ct_AZ_05.09.19_2019.35659	33.38	-111.88
location	WNV_8_Cq_AZ_09.02.16_2016.685792	33.24	-111.85
location	WNV_H7_Cq_AZ_09.26.17_2017.736986	33.24	-111.85
location	WNV_Q832_C9_Cq_AZ_06.04.19_2019.427776	33.58	-112.09
location	WNV_25_Cq_AZ_09292015_2015.74538	33.33	-111.71
location	WNV_074H1_Cq_AZ_06.22.18_2018.473973	33.33	-111.71
location	WNV_X844_B1_Cq_AZ_05.14.19_2019.37028	33.39	-111.91
location	WNV_R549_F11_Ct_AZ_04.12.19_2019.282667	33.5	-112.23
location	WNV_0_Cq_AZ_09.29.16_2016.745902	33.47	-112.02
location	WNV_Z014_D4_Cq_AZ_05.16.19_2019.375756	33.56	-112.18
location	WNV_69_Cq_AZ_09.12.14_2014.69863	33.55	-112.18
location	WNV_E10_Ct_AZ_10.20.17_2017.80274	33.44	-112.4
location	WNV_E8_Ct_AZ_09.01.17_2017.668493	33.45	-112.42
location	WNV_X889_E11_Ct_AZ_05.09.19_2019.35659	33.37	-112.58
location	WNV_B8_Ct_AZ_10.25.17_2017.816438	33.64	-111.94
location	WNV_1_Cq_AZ_06232015_2015.47707	33.42	-111.67
location	WNV_8_Cq_AZ_08042015_2015.59206	33.43	-111.66
location	WNV_8B72_H10_Cq_AZ_08072019_2019.600274	33.44	-111.74
location	WNV_G1_Cq_AZ_05.17.17_2017.375342	33.36	-111.73
location	WNV_0A13_A3_Cq_AZ_05.03.19_2019.340163	33.56	-112.28
location	WNV_X673_G5_Ct_AZ_05.09.19_2019.35659	33.56	-112.3
location	WNV_C10090617_Ct_AZ_09.06.17_2017.682192	33.39	-112.31
location	WNV_X700_B1_Cq_AZ_05.09.19_2019.35659	33.52	-112.33
location	WNV_17_Cq_AZ_08112015_2015.611225	33.39	-111.81
location	WNV_53_Cq_AZ_07.30.14_2014.578082	33.39	-111.81
location	WNV_9A10_E1_Ct_AZ_05.17.19_2019.378494	33.47	-112.21
location	WNVSLE_16a_27_Ce_Az_07.31.17_2017.580822	32.65	-114.73
location	WNVSLE_1b_1b_Ct_Az_08.14.17_2017.619178	32.73	-114.6
location	WNVSLE_RT_49353561_A9_Ct_07.25.18_2018.564384	33.36	-111.82
location	WNVSLE_RT_49353562_E12_Ct_07.25.18_2018.564384	33.36	-111.82
location	WNVSLE_652_G3_Ct_07.10.18_2018.523288	33.33	-111.7
location	WNVSLE_6D56_F2_Cq_AZ_07182019_2019.545517	33.34	-111.88
location	WNVSLE_6D31_G6_Ct_AZ_07182019_2019.545517	33.44	-111.87
location	WNVSLE_6D05_C1_Cq_AZ_07122019_2019.52909	33.27	-111.71
location	WNVSLE_3D00_B11_Ct_AZ_07032019_2019.504449	33.44	-111.89
location	WNVSLE_5D98_B5_Ct_AZ_07252019_2019.564682	33.37	-111.71
location	WNVSLE_0E12_C10_Ct_AZ_07112019_2019.526352	33.64	-112.2
location	WNVSLE_3D31_A10_Cq_AZ_07032019_2019.504449	33.45	-111.76
location	WNVSLE_0E97_H2_Ct_AZ_07032019_2019.504449	33.43	-112.4
location	WNVSLE_62_E3_Ct_06.21.18_2018.471233	33.36	-111.73
location	WNVSLE_06_B1_Ct_Az_06.21.18_2018.471233	33.36	-111.73
location	WNV_3G06_Cq_AZ_20200731	33.24	-111.61
location	WNV_1M62_Ct_AZ_20200722	33.43	-111.74
location	WNV_11Q7_Cq_AZ_20200814	33.36	-111.73
location	WNV_4T47_Ct_AZ_20200724	33.57	-111.67
location	WNV_4T54ccCt_AZ_20200724	33.57	-111.67
location	WNV_5T27_Ct_AZ_20200731	33.57	-111.67
location	WNV_41K7_Cq_AZ_20210617	33.55	-112.16
location	WNV_4C86_Cq_AZ_20210603	33.38	-112.19
location	WNV_83J9_Ct_AZ_20210615	33.35	-111.8
location	WNV_83K5_Cq_AZ_20210603	33.36	-112.16
location	WNV_85J4_Ct_AZ_20210610	33.44	-111.89
location	WNV_87J3_Cq_AZ_20210603	33.39	-112.25
location	WNV_8C67_Cq_AZ_20210615	33.57	-112.18
location	WNV_8C88_Cq_AZ_20210615	33.56	-112.18
location	WNV_97K7_Ct_AZ_20210617	33.56	-112.13
location	WNV_9C24_Cq_AZ_20210604	33.35	-111.8
location	WNV_9C34_Cq_AZ_20210604	33.57	-112.19
location	WNV_9C37_Cq_AZ_20210604	33.33	-111.78
location	WNV_9C39_Cq_AZ_20210604	33.35	-111.8
location	WNV_9C44_Cq_AZ_20210604	33.35	-111.8
location	WNV_K989_Cq_AZ_20210525	33.58	-112.16
location	WNV_L381_Cq_AZ_20210604	33.31	-111.87
location	WNV_10I3_Cq_AZ_20210715	33.26	-111.63
location	WNV_211395_Cq_AZ_20210811	33.53	-112.2
location	WNV_211406_Cq_AZ_20210811	33.27	-111.78
location	WNV_211425_Cq_AZ_20210811	33.32	-111.74
location	WNV_211481_Cq_AZ_20210811	33.38	-112.11
location	WNV_211749_Ct_AZ_20210805	33.46	-111.82
location	WNV_212611_Cq_AZ_20210805	33.68	-112.62
location	WNV_212989_Cq_AZ_20210805	33.25	-111.81
location	WNV_212990_Cq_AZ_20210805	33.36	-111.92
location	WNV_212991_Cq_AZ_20210805	33.29	-111.81
location	WNV_213002_Cq_AZ_20210805	33.75	-112.33
location	WNV_213036_Cq_AZ_20210805	33.39	-111.71
location	WNV_213130_Cq_AZ_20210811	33.23	-111.63
location	WNV_213138_Cq_AZ_20210811	33.44	-111.89
location	WNV_213146_Cq_AZ_20210811	33.44	-111.89
location	WNV_213759_Cq_AZ_20210824	33.33	-111.9
location	WNV_213797_Cq_AZ_20210824	33.34	-111.87
location	WNV_214105_Cq_AZ_20210901	33.36	-111.83
location	WNV_214137_Ct_AZ_20210901	33.36	-111.82
location	WNV_214170_Ct_AZ_20210901	33.36	-111.66
location	WNV_214345_Cq_AZ_20210901	33.34	-111.83
location	WNV_214380_Cq_AZ_20210903	33.68	-112.13
location	WNV_214781_Cq_AZ_20210903	33.41	-111.64
location	WNV_214962_Cq_AZ_20210903	33.21	-111.8
location	WNV_215247_Cq_AZ_20210824	33.36	-111.82
location	WNV_215273_Cq_AZ_20210824	33.4	-111.9
location	WNV_215282_Cq_AZ_20210824	33.64	-112.19
location	WNV_215293Cq_AZ_20210824	33.36	-111.87
location	WNV_215307_Cq_AZ_20210824	33.33	-111.83
location	WNV_215317_Cq_AZ_20210824	33.79	-112.11
location	WNV_215327_Cq_AZ_20210824	33.33	-111.88
location	WNV_215336_Cq_AZ_20210824	33.43	-111.95
location	WNV_215375_Cq_AZ_20210824	33.34	-111.78
location	WNV_215388Cq_AZ_20210824	33.63	-112.23
location	WNV_215439Cq_AZ_20210824	33.24	-111.87
location	WNV_215900_Cq_AZ_20210824	33.72	-112.18
location	WNV_215970_Cq_AZ_20210901	33.63	-112.08
location	WNV_216091_Ct_AZ_20210910	33.36	-111.68
location	WNV_216115_Cq_AZ_20210910	33.36	-111.68
location	WNV_216186_Cq_AZ_20210910	33.46	-111.75
location	WNV_216204_Ct_AZ_20210910	33.39	-111.63
location	WNV_216216_Ct_AZ_20210910	33.56	-112.08
location	WNV_216419_Ct_AZ_20210908	33.65	-111.95
location	WNV_216422_Cq_AZ_20210908	33.62	-112.04
location	WNV_216460_Ct_AZ_20210908	33.62	-112.06
location	WNV_216503_Cq_AZ_20210908	33.6	-112.07
location	WNV_216581_Cq_AZ_20210910	33.3	-111.78
location	WNV_216616_Cq_AZ_20210914	33.36	-111.63
location	WNV_216728_Cq_AZ_20210908	33.37	-111.9
location	WNV_218100_Ct_AZ_20210914	33.23	-111.81
location	WNV_218276_Cq_AZ_20210910	33.3	-111.77
location	WNV_218280_Ct_AZ_20210914	33.53	-112.45
location	WNV_21923_Cq_AZ_20210805	33.24	-111.75
location	WNV_219998_Cq_AZ_20210910	33.33	-111.83
location	WNV_21I2_Cq_AZ_20210713	33.39	-112.27
location	WNV_30I2_Cq_AZ_20210713	33.33	-111.82
location	WNV_30K6_Cq_AZ_20210720	33.55	-112.41
location	WNV_73H3_Cq_AZ_20210713	33.53	-112.24
location	WNV_95H2_Cq_AZ_20210715	33.59	-111.99
location	WNV_9C52_Ct_AZ_20210715	33.58	-111.97
location	WNVx218780xAaxAZx20210903	33.62	-112.04
location	WNVx218980xAaxAZx20210908	33.85	-112.10
location	WNVx218992xAaxAZx20210908	33.53	-112.09
location	WNVxUSDAxD8x202108	33.54	-112.38
location	WNV2111763xxCtxxAZxx20210923	33.43	-111.76
location	WNVxx19H0xxCqxxAZxx20210721	33.42	-112.28
location	WNVxx2111799xxCtxxAZxx20210923	33.56	-112.28
location	WNVxx2111819xxCqxxAZxx20210923	33.43	-111.74
location	WNVxx2111821xxCtxxAZxx20210923	33.34	-111.59
location	WNVxx2111824xxCtxxAZxx20210923	33.35	-111.59
location	WNVxx2111895xxCqxxAZxx20210923	33.33	-111.59
location	WNVxx2111996xxCqxxAZxx20210923	33.66	-112.00
location	WNVxx211263xxCqxxAZxx20210803	33.66	-112.07
location	WNVxx211874xxCqxxAZxx20210730	33.48	-111.76
location	WNVxx211951xxCqxxAZxx20210803	33.63	-112.04
location	WNVxx211960xxCqxxAZxx20210803	33.63	-112.00
location	WNVxx211965xxCtxxAZxx20210730	33.43	-111.95
location	WNVxx214768xxCqxxAZxx20210902	33.55	-111.90
location	WNVxx214771xxCqxxAZxx20210902	33.58	-111.95
location	WNVxx214785xxCqxxAZxx20210902	33.23	-111.63
location	WNVxx21494xxCqxxAZxx20210803	33.63	-112.06
location	WNVxx216676xxCqxxAZxx20200902	33.37	-111.75
location	WNVxx91I6xxCtxxAZxx20210721	33.44	-111.89
location	WNVxx00H3xxCtxxAZxx20210707	33.3997744	-112.27431
location	WNVxx211151xxCqxxAZxx20210803	33.2732022	-111.82619
location	WNVxx2111807xxCtxxAZxx20210923	33.3535162	-111.80102
location	WNVxx211812xxCqxxAZxx20210727	33.2178245	-111.89249
location	WNVxx211889xxCqxxAZxx20210727	33.4737984	-112.24624
location	WNVxx213283xxCqxxAZxx20210810	33.3183751	-111.76391
location	WNVxx214701xxCtxxAZxx20210825	33.4737984	-112.24624
location	WNVxx215366xxCtxxAZxx20210824	33.3935926	-112.25436
location	WNVxx215462xxCqxxAZxx20210825	33.3292823	-111.81522
location	WNVxx215628xxCqxxAZxx20210914	33.3614418	-111.75857
location	WNVxx216403xxCqxxAZxx20210908	33.3150929	-111.73534
location	WNVxx216411xxCqxxAZxx20210908	33.269547	-111.78051
location	WNVxx217482xxCqxxAZxx20210916	33.5594864	-112.12714
location	WNVxx21I2xxCqxxAZxx20210713	33.3910211	-112.27172
location	WNVxx30K6xxCqxxAZxx20210715	33.5511296	-112.41473
location	WNVxx37H3xxCqxxAZxx20210721	33.3614418	-111.75857
location	WNVxx46I3xxCqxxAZxx20210708	33.3535162	-111.80102
location	WNVxx65I2xxCtxxAZxx20210708	33.5594864	-112.12714
location	WNVxx68I3xxCtxxAZxx20210707	33.3935926	-112.25436
location	WNVxx30I2xxCqxxAZxx20210709	33.3292823	-111.81522
location	WNVxx73H3xxCqxxAZxx20210713	33.5314276	-112.24301
location	WNVxx9C52xxCtxxAZxx20210714	33.5847988	-111.96917
location	WNVxx95H2xxCqxxAZxx20210714	33.5900423	-111.98694
location	WNVxx10I3xxCtxxAZxx20210714	33.2579629	-111.62827
location	WNVxx211031xxCqxxAZxx20210727	33.3183751	-111.76391
location	WNVxx211829xxCqxxAZxx20210727	33.3690819	-112.58011
location	WNVxx211823xxCqxxAZxx20210727	33.3273566	-111.95135
location	WNVxx211028xxCqxxAZxx20210727	33.269547	-111.78051
location	WNVxx21472xxCqxxAZxx20210728	33.6224549	-111.99083
location	WNVxx21484xxCqxxAZxx20210728	33.6780316	-112.1083
location	WNVxx21980xxCqxxAZxx20210727	33.3150929	-111.73534
location	WNVxx21985xxCqxxAZxx20210729	33.6347409	-112.08598
location	WNVxx211817xxCqxxAZxx20210729	33.6618957	-112.05693
location	WNVxx3170xxCtxxCAxx20210817	33.569223	-116.079206
location	WNVxx3172xxCtxxCAxx20210817	33.525969	-116.078921
location	WNVxx3176xxCtxxCAxx20210817	33.459421	-116.087272
location	WNVxx3185xxCtxxCAxx20210817	33.516797	-116.082468
location	WNVxx3188xxCtxxCAxx20210817	33.554755	-116.092281
location	WNVxx3189xxCtxxCAxx20210817	33.554755	-116.092281
location	WNVxx3197xxCtxxCAxx20210817	33.539988	-116.078863
location	WNVxx3198xxCtxxCAxx20210817	33.539988	-116.078863
location	WNVxx3201xxCtxxCAxx20210817	33.539988	-116.078863
location	WNVxx3202xxCtxxCAxx20210817	33.539988	-116.078863
location	WNVxx3203xxCtxxCAxx20210817	33.539988	-116.078863
location	WNVxx3245xxCtxxCAxx20210818	33.532707	-116.035032
location	WNVxx3246xxCtxxCAxx20210818	33.532707	-116.035032
location	WNVxx3247xxCtxxCAxx20210818	33.540052	-116.061755
location	WNVxx3248xxCtxxCAxx20210818	33.540052	-116.061755
location	WNVxx3291xxCtxxCAxx20210824	33.525371	-115.991129
location	WNVxx3392xxCtxxCAxx20210824	33.532695	-116.043672
location	WNVxx3393xxCtxxCAxx20210824	33.532695	-116.043672
location	WNVxx3412xxCtxxCAxx20210824	33.539988	-116.078863
location	WNVxx3565xxCtxxCAxx20210831	33.462382	-116.061245
location	WNVxx3566xxCtxxCAxx20210831	33.51823	-116.078914
location	WNVxx3569xxCtxxCAxx20210831	33.459421	-116.087272
location	WNVxx3573xxCtxxCAxx20210831	33.523797	-116.079312
location	WNVxx3244xxCtxxCAxx20210818	33.532707	-116.035032
location	WNVxx3251xxCtxxCAxx20210818	33.540052	-116.061755
location	WNVxx3253xxCtxxCAxx20210818	33.540052	-116.061755
location	WNVxx3254xxCtxxCAxx20210818	33.540052	-116.061755
location	WNVxx3257xxCtxxCAxx20210818	33.532695	-116.043672
location	WNVxx3260xxCtxxCAxx20210818	33.526966	-116.030798
location	WNVxx3268xxCtxxCAxx20210819	33.539988	-116.078863
location	WNVxx3269xxCtxxCAxx20210819	33.539988	-116.078863
location	WNVxx3292xxCtxxCAxx20210824	33.526966	-116.030798
location	WNVxx3400xxCtxxCAxx20210824	33.540052	-116.061755
location	WNVxx3403xxCtxxCAxx20210824	33.540052	-116.061755
location	WNVxx3410xxCtxxCAxx20210824	33.554755	-116.092281
location	WNVxx3567xxCtxxCAxx20210831	33.51823	-116.078914
location	WNVxxPCPH2022001xxCqxxAZxx20220810	32.980580	-111.447020
